{"Volatilit\u00e9": 0.0001896373350386992, "Open": 0.07589, "Close": 0.07581, "Evolution": "0.10541573329819047%", "Low": 0.0752, "High": 0.07589}